Date,Open
,NDAQ
2015-01-02,13.529920486534973
2015-01-05,13.361565549409233
2015-01-06,13.400847857857267
2015-01-07,13.437323570910689
2015-01-08,13.6056748710833
2015-01-09,13.807699479015088
2015-01-12,13.577617135086339
2015-01-13,13.341925584399178
2015-01-14,12.949103384818036
2015-01-15,12.814422316820783
2015-01-16,12.831255673778822
2015-01-20,13.075367666796485
2015-01-21,12.834063067118944
2015-01-22,12.82003407542907
2015-01-23,13.036085031913386
2015-01-26,13.036084921674767
2015-01-27,12.951911153443088
2015-01-28,12.929459993380148
2015-01-29,12.702186833458992
2015-01-30,12.660098011884465
2015-02-02,12.79758361906111
2015-02-03,13.18199025450693
2015-02-04,13.165155008427606
2015-02-05,13.406461950312337
2015-02-06,13.644960640397587
2015-02-09,13.7487775027997
2015-02-10,13.6674073917844
2015-02-11,13.616899919674928
2015-02-12,13.830151075649844
2015-02-13,13.984470574010416
2015-02-17,13.891873826896477
2015-02-18,13.939572427426798
2015-02-19,13.922743215337082
2015-02-20,14.09950607475953
2015-02-23,14.287501303112316
2015-02-24,14.248222328258596
2015-02-25,14.211742625061268
2015-02-26,14.242611753444173
2015-02-27,14.172463508919046
2015-03-02,14.133179112622228
2015-03-03,14.28189226014036
2015-03-04,14.172462674913547
2015-03-05,14.321173617510388
2015-03-06,14.214552840021362
2015-03-09,14.102313786077229
2015-03-10,14.116345847039085
2015-03-11,13.959310342750253
2015-03-12,13.917099863628989
2015-03-13,14.088773876215646
2015-03-16,14.246379046751466
2015-03-17,14.22667059731984
2015-03-18,14.249189856710595
2015-03-19,13.888952580676802
2015-03-20,14.24356277910326
2015-03-23,14.184462517540464
2015-03-24,14.130989253076688
2015-03-25,14.102842785160156
2015-03-26,13.793263381107078
2015-03-27,13.897389983429468
2015-03-30,14.024040431056843
2015-03-31,14.249185583207286
2015-04-01,14.25200377652859
2015-04-02,14.187276838463644
2015-04-06,13.964939876985918
2015-04-07,14.263261715346458
2015-04-08,14.06344213840554
2015-04-09,14.032486384060295
2015-04-10,14.102843216216495
2015-04-13,14.204161010428004
2015-04-14,14.133802007903785
2015-04-15,13.98745395627208
2015-04-16,13.911469484666865
2015-04-17,13.953683184939203
2015-04-20,13.700386196739494
2015-04-21,13.615958692219749
2015-04-22,13.7200866707149
2015-04-23,13.71164242725602
2015-04-24,13.888952351130772
2015-04-27,13.686315493246273
2015-04-28,13.59062684910756
2015-04-29,13.88613669419136
2015-04-30,13.759493357958899
2015-05-01,13.74542179172342
2015-05-04,13.852363201461769
2015-05-05,13.942421396328609
2015-05-06,13.911468863951258
2015-05-07,13.770746983772908
2015-05-08,14.150690525526207
2015-05-11,14.249194025554768
2015-05-12,14.257633257605677
2015-05-13,14.209787866995251
2015-05-14,14.375835484922781
2015-05-15,14.52780994755847
2015-05-18,14.418054519641045
2015-05-19,14.741710816171443
2015-05-20,14.691044736796087
2015-05-21,14.555962452638457
2015-05-22,14.674163049583663
2015-05-26,14.775479798466739
2015-05-27,14.63194754929512
2015-05-28,14.558776809932988
2015-05-29,14.716376321798569
2015-06-01,14.648834034364036
2015-06-02,14.50247989025515
2015-06-03,14.584101116568084
2015-06-04,14.567217080016313
2015-06-05,14.440571925942313
2015-06-08,14.235119583751741
2015-06-09,14.114103049286378
2015-06-10,14.19048429010557
2015-06-11,14.413935524042893
2015-06-12,14.436559601237322
2015-06-15,14.266851717623405
2015-06-16,14.227254752764509
2015-06-17,14.31210890620403
2015-06-18,14.529900068855433
2015-06-19,14.394136684942305
2015-06-22,14.320596227811043
2015-06-23,14.363022775951286
2015-06-24,14.278168597164772
2015-06-25,14.10846424396789
2015-06-26,14.14805531267447
2015-06-29,13.947236302946227
2015-06-30,13.822786970592546
2015-07-01,13.802980228693476
2015-07-02,13.882182924570328
2015-07-06,13.882183713283546
2015-07-07,13.771873305610503
2015-07-08,13.737931373393915
2015-07-09,13.757728617828
2015-07-10,14.190484866131444
2015-07-13,14.41676246406013
2015-07-14,14.331904977065927
2015-07-15,14.442217371124134
2015-07-16,14.58364282874564
2015-07-17,14.628901160873125
2015-07-20,14.648701332614545
2015-07-21,14.637384986428438
2015-07-22,14.416760258472422
2015-07-23,14.39413461728472
2015-07-24,14.609099425335843
2015-07-27,14.640214040147793
2015-07-28,14.51292772026
2015-07-29,14.306453271645987
2015-07-30,14.394135466699268
2015-07-31,14.589300552088865
2015-08-03,14.337566726269884
2015-08-04,14.453530982751403
2015-08-05,14.58929698099557
2015-08-06,14.911749867234741
2015-08-07,14.858007477419658
2015-08-10,15.087115155315841
2015-08-11,15.081452190624207
2015-08-12,14.923058229152485
2015-08-13,15.013569753658532
2015-08-14,15.169135709845664
2015-08-17,15.287933989446078
2015-08-18,15.352987449890712
2015-08-19,15.290762741162467
2015-08-20,15.121050751262159
2015-08-21,14.891946310742588
2015-08-24,13.88218124210862
2015-08-25,14.391310242911064
2015-08-26,14.179171178385026
2015-08-27,14.210283157944282
2015-08-28,14.45636024033665
2015-08-31,14.4620211899852
2015-09-01,14.167855427953253
2015-09-02,14.320597197455486
2015-09-03,14.422424991385666
2015-09-04,14.337567460263537
2015-09-08,14.442222365934796
2015-09-09,14.895731505092341
2015-09-10,14.463727740599012
2015-09-11,14.546149473518398
2015-09-14,14.710989595452904
2015-09-15,14.699622295836091
2015-09-16,14.634255742058611
2015-09-17,14.73372986565153
2015-09-18,14.253406716576105
2015-09-21,14.455198621466407
2015-09-22,14.350038495418636
2015-09-23,14.494986495179964
2015-09-24,14.668358197048725
2015-09-25,14.907103558251327
2015-09-28,15.148683707115902
2015-09-29,14.787729636547429
2015-09-30,14.901417088411886
2015-10-01,15.194159506004654
2015-10-02,14.685413934464197
2015-10-05,15.094681855001339
2015-10-06,15.231106994981177
2015-10-07,15.276577666773138
2015-10-08,15.108892840203364
2015-10-09,15.296479392434964
2015-10-12,15.114575890686984
2015-10-13,15.29363862183686
2015-10-14,15.279415642322695
2015-10-15,15.29648017789476
2015-10-16,15.631852289586712
2015-10-19,15.566483992092817
2015-10-20,15.742689936706004
2015-10-21,15.930275076602207
2015-10-22,15.725640896902428
2015-10-23,16.802820689977484
2015-10-26,16.748824218091933
2015-10-27,16.529973831116166
2015-10-28,16.760190997128177
2015-10-29,16.77439204636979
2015-10-30,16.839766384557652
2015-11-02,16.555554452816207
2015-11-03,16.990404344838993
2015-11-04,16.839766437033838
2015-11-05,16.52712913126611
2015-11-06,16.6806023725385
2015-11-09,16.515759782923432
2015-11-10,16.33386413119418
2015-11-11,16.623762130737305
2015-11-12,16.475970355465115
2015-11-13,16.296917129388145
2015-11-16,16.032598590198788
2015-11-17,16.234385994202118
2015-11-18,16.36796221605271
2015-11-19,16.56408131868151
2015-11-20,16.87103388042815
2015-11-23,16.993242151262475
2015-11-24,16.66070989947199
2015-11-25,16.623761845264582
2015-11-27,16.66070915961308
2015-11-30,16.75166015024097
2015-12-01,16.737450170529122
2015-12-02,16.748819553258944
2015-12-03,16.68629128073545
2015-12-04,16.194596826878158
2015-12-07,16.68345090264952
2015-12-08,16.211648581370824
2015-12-09,16.50439344868337
2015-12-10,16.061079729256644
2015-12-11,15.7327798150317
2015-12-14,15.647133199022303
2015-12-15,16.146724126192925
2015-12-16,16.30087908379329
2015-12-17,16.21809170603588
2015-12-18,16.001129869481073
2015-12-21,16.126738076739944
2015-12-22,16.22951939293933
2015-12-23,16.654876671205365
2015-12-24,16.572089417154718
2015-12-28,16.56637453337167
2015-12-29,16.9974551043138
2015-12-30,16.926082450773006
2015-12-31,16.777632599442562
2016-01-04,16.243789379347355
2016-01-05,16.1552910404488
2016-01-06,16.183838200875982
2016-01-07,16.092481598703852
2016-01-08,16.40651495536005
2016-01-11,16.13816043247924
2016-01-12,16.526409667090434
2016-01-13,16.492150646635704
2016-01-14,16.012544469122993
2016-01-15,15.938325474566398
2016-01-19,16.332283567629062
2016-01-20,16.126743415642704
2016-01-21,16.08676740773782
2016-01-22,16.175270857946245
2016-01-25,16.42649301018764
2016-01-26,16.298027738507535
2016-01-27,16.76907103652968
2016-01-28,16.552106818035764
2016-01-29,16.97176053250547
2016-02-01,17.688313204233072
2016-02-02,17.414252706558337
2016-02-03,17.8538878421855
2016-02-04,17.622654650315827
2016-02-05,17.20870697201856
2016-02-08,16.74337785788774
2016-02-09,17.120206196829585
2016-02-10,17.679739509082594
2016-02-11,16.93750388602622
2016-02-12,17.545573307726784
2016-02-16,17.85674205864596
2016-02-17,17.66832649446471
2016-02-18,18.039450206315987
2016-02-19,17.851039478205994
2016-02-22,18.319220906230612
2016-02-23,18.40486419176364
2016-02-24,17.771102269574165
2016-02-25,18.236431341841737
2016-02-26,18.479088567266672
2016-02-29,18.25927597259812
2016-03-01,18.219305213326464
2016-03-02,18.553318931101362
2016-03-03,18.43055737353036
2016-03-04,18.62754139363445
2016-03-07,18.490512431031863
2016-03-08,18.230726236928966
2016-03-09,18.67321873973472
2016-03-10,18.570094153831036
2016-03-11,18.764967399415422
2016-03-14,18.830872212549103
2016-03-15,19.077331134934692
2016-03-16,19.057269058047847
2016-03-17,19.097394139584775
2016-03-18,18.87672819630811
2016-03-21,18.41247580680556
2016-03-22,18.36949765504454
2016-03-23,18.51564205397804
2016-03-24,18.727710126470374
2016-03-28,18.4382646931935
2016-03-29,18.532837039657156
2016-03-30,18.92258353235541
2016-03-31,18.739165259589193
2016-04-01,18.94837483694621
2016-04-04,19.025747017189545
2016-04-05,18.670399630850984
2016-04-06,18.572961934379098
2016-04-07,18.535705440164648
2016-04-08,18.455465486922183
2016-04-11,18.389552335824614
2016-04-12,18.240529277569777
2016-04-13,18.180353969231998
2016-04-14,18.160282926039258
2016-04-15,18.289249507382664
2016-04-18,18.349427449401674
2016-04-19,18.426803829756157
2016-04-20,18.37808609008789
2016-04-21,18.33510299006968
2016-04-22,18.25486220353009
2016-04-25,18.26918807046579
2016-04-26,18.401014018889438
2016-04-27,18.653198292286433
2016-04-28,18.223335888838616
2016-04-29,17.93389366907335
2016-05-02,17.693171352873456
2016-05-03,17.793473401325993
2016-05-04,17.75335169543913
2016-05-05,17.965420587793968
2016-05-06,18.102980359533337
2016-05-09,18.349429929749277
2016-05-10,18.435401700622904
2016-05-11,18.464060142852166
2016-05-12,18.272051278323637
2016-05-13,18.366630837411233
2016-05-16,18.20327791656091
2016-05-17,18.263457114222234
2016-05-18,17.853650939784927
2016-05-19,18.00840917874229
2016-05-20,18.171753000974956
2016-05-23,18.197549749715446
2016-05-24,18.340834846388788
2016-05-25,18.822283330083906
2016-05-26,18.736300807769567
2016-05-27,18.724843433160405
2016-05-31,18.842337821936344
2016-06-01,18.77069389375698
2016-06-02,18.707655206688205
2016-06-03,18.598750162587947
2016-06-06,18.630269392718645
2016-06-07,18.658937027270053
2016-06-08,18.679403516150362
2016-06-09,18.76580818776026
2016-06-10,18.74564421209987
2016-06-13,18.800359835065866
2016-06-14,18.676526505419105
2016-06-15,18.682281789362936
2016-06-16,18.512368448850232
2016-06-17,18.601646939998048
2016-06-20,18.60740021298233
2016-06-21,18.132214763924864
2016-06-22,18.169647216796875
2016-06-23,18.23300926931932
2016-06-24,17.901816931974842
2016-06-27,17.959413472503797
2016-06-28,17.783738222706607
2016-06-29,18.198453685372993
2016-06-30,18.55269150227952
2016-07-01,18.63620039329397
2016-07-05,18.351081798659234
2016-07-06,18.616044920756025
2016-07-07,18.67652672331061
2016-07-08,18.840675527212788
2016-07-11,19.073957292777116
2016-07-12,19.20931557620354
2016-07-13,19.480028212812726
2016-07-14,19.480034074457233
2016-07-15,19.468509012580984
2016-07-18,19.77378994783888
2016-07-19,19.34755381091076
2016-07-20,19.62978870554134
2016-07-21,19.451233289247785
2016-07-22,19.387874251603808
2016-07-25,19.52611303298663
2016-07-26,19.719068487233333
2016-07-27,19.727706447319573
2016-07-28,20.39586158452198
2016-07-29,20.346898478690125
2016-08-01,20.44769923439834
2016-08-02,20.565777461267995
2016-08-03,20.539851522878273
2016-08-04,20.594570928579003
2016-08-05,20.614734695384804
2016-08-08,20.551379864663875
2016-08-09,20.352657613861936
2016-08-10,20.176983413136146
2016-08-11,20.352661352702068
2016-08-12,20.12514475554635
2016-08-15,20.16833730996314
2016-08-16,20.130898654374583
2016-08-17,20.001305027907588
2016-08-18,20.248982906621812
2016-08-19,20.19426606473088
2016-08-22,20.20289828466665
2016-08-23,20.352657869286645
2016-08-24,20.274901467916838
2016-08-25,20.228820060965678
2016-08-26,20.39873743670558
2016-08-29,20.329623545046385
2016-08-30,20.462097924787493
2016-08-31,20.479377926731097
2016-09-01,20.51394380020847
2016-09-02,20.70112671154317
2016-09-06,20.686736830014
2016-09-07,20.346896244654484
2016-09-08,20.37569874360943
2016-09-09,20.096340250188383
2016-09-12,19.788188602004347
2016-09-13,19.88610982898777
2016-09-14,19.915027077754786
2016-09-15,19.87162446351281
2016-09-16,19.996036922941983
2016-09-19,20.160964919130713
2016-09-20,20.282483724284198
2016-09-21,20.23328921639537
2016-09-22,20.542893134961663
2016-09-23,20.192787094122906
2016-09-26,20.01629878413848
2016-09-27,19.888985149863196
2016-09-28,19.83690194747491
2016-09-29,19.764572824934625
2016-09-30,19.61701485312008
2016-10-03,19.466555853951377
2016-10-04,19.446296180067492
2016-10-05,19.327676339488864
2016-10-06,19.350817858769574
2016-10-07,19.52152909008655
2016-10-10,19.42315739210263
2016-10-11,19.142492698004368
2016-10-12,19.02097185299831
2016-10-13,19.136711036796267
2016-10-14,19.504172695170762
2016-10-17,19.51864164233805
2016-10-18,19.324779815492544
2016-10-19,19.14250008145139
2016-10-20,19.249554428163215
2016-10-21,18.9254981604846
2016-10-24,19.1714377308636
2016-10-25,19.211939592693895
2016-10-26,18.870524413599878
2016-10-27,18.676669820987883
2016-10-28,18.52910868299406
2016-10-31,18.555143878098452
2016-11-01,18.459663707529828
2016-11-02,18.416264071549737
2016-11-03,18.45966755872873
2016-11-04,18.615905299758875
2016-11-07,18.902350797677375
2016-11-08,18.93417920473332
2016-11-09,18.867634114931455
2016-11-10,19.527320458565814
2016-11-11,19.379752659992754
2016-11-14,19.275593452671803
2016-11-15,18.754791748474354
2016-11-16,18.63905034459958
2016-11-17,18.71717727512651
2016-11-18,18.78661297150101
2016-11-21,19.12802997882566
2016-11-22,19.139606259918537
2016-11-23,18.97178770040293
2016-11-25,18.838695469272555
2016-11-28,18.96310931094239
2016-11-29,18.77215019264417
2016-11-30,18.79240484688147
2016-12-01,18.508853446254736
2016-12-02,18.430732782069118
2016-12-05,18.7113909648734
2016-12-06,18.847376714823746
2016-12-07,19.333454259067544
2016-12-08,19.63725915380529
2016-12-09,19.674881822170562
2016-12-12,19.741423684390384
2016-12-13,19.964218871317744
2016-12-14,20.04235366181794
2016-12-15,19.885382920851995
2016-12-16,19.937707324581563
2016-12-19,19.742947115765297
2016-12-20,19.658655016375686
2016-12-21,19.838877276831955
2016-12-22,19.615051278838543
2016-12-23,19.51330843540399
2016-12-27,19.594704834484645
2016-12-28,19.644121001387646
2016-12-29,19.57436029694965
2016-12-30,19.562728335108854
2017-01-03,19.61214711819729
2017-01-04,19.373791257196626
2017-01-05,19.617960705791635
2017-01-06,19.655751663535863
2017-01-09,19.873751029933175
2017-01-10,19.655747402336488
2017-01-11,19.530758470649122
2017-01-12,19.60342702812291
2017-01-13,19.571443449149537
2017-01-17,19.58017495271748
2017-01-18,19.39122960202809
2017-01-19,19.492965698242188
2017-01-20,19.562728509495713
2017-01-23,19.49296084255482
2017-01-24,19.542379918916755
2017-01-25,19.792361786491853
2017-01-26,19.91154441110427
2017-01-27,20.03362996440306
2017-01-30,19.777827911360472
2017-01-31,19.87084784979959
2017-02-01,20.48418719058537
2017-02-02,20.542316436767578
2017-02-03,20.63824155615309
2017-02-06,20.362095928067735
2017-02-07,20.341749138848037
2017-02-08,20.14409161391283
2017-02-09,20.14990068941264
2017-02-10,20.088858552280698
2017-02-13,20.286518812686612
2017-02-14,20.55104046314486
2017-02-15,20.64696096333332
2017-02-16,20.734170296832175
2017-02-17,20.676030971903245
2017-02-21,20.812651799480857
2017-02-22,20.708003997802734
2017-02-23,20.763231952725324
2017-02-24,20.661494037745623
2017-02-27,20.803931474927186
2017-02-28,20.690568007077456
2017-03-01,20.92891749083922
2017-03-02,20.981242219699656
2017-03-03,20.69928625076899
2017-03-06,20.583009113446103
2017-03-07,20.76614172423161
2017-03-08,20.635339140285808
2017-03-09,20.64987268575034
2017-03-10,20.728355366654696
2017-03-13,20.603362304974176
2017-03-14,20.536504373583792
2017-03-15,20.641544521219434
2017-03-16,20.667828833917216
2017-03-17,20.767109279899284
2017-03-20,20.6298646351723
2017-03-21,20.746662715501444
2017-03-22,20.384584955845963
2017-03-23,20.37290431873091
2017-03-24,20.416702301786515
2017-03-27,20.226901406439186
2017-03-28,20.142223760559208
2017-03-29,20.139303108936332
2017-03-30,20.060465464628315
2017-03-31,20.197705372789535
2017-04-03,20.229824246309377
2017-04-04,20.098419271807465
2017-04-05,20.15390202101648
2017-04-06,20.15975064685089
2017-04-07,20.080903311598682
2017-04-10,20.22982354921478
2017-04-11,20.16850880604176
2017-04-12,20.11886129353386
2017-04-13,20.02542878961378
2017-04-17,19.9232245128615
2017-04-18,20.092587080828118
2017-04-19,20.27070343165027
2017-04-20,20.317426405797526
2017-04-21,20.431300665119817
2017-04-24,20.68241944446747
2017-04-25,20.69702426446267
2017-04-26,20.50431122008734
2017-04-27,20.270703187835032
2017-04-28,20.045859245814366
2017-05-01,20.21814528634084
2017-05-02,19.987469962486532
2017-05-03,19.955338930453113
2017-05-04,19.88526374814994
2017-05-05,19.84438230881209
2017-05-08,19.826862264678706
2017-05-09,19.616622653877457
2017-05-10,19.464781478986215
2017-05-11,19.49106124028242
2017-05-12,19.566982009771632
2017-05-15,19.692545241537758
2017-05-16,19.783066718040356
2017-05-17,19.496902961553275
2017-05-18,19.488143920898438
2017-05-19,19.50274197286866
2017-05-22,19.768462561654122
2017-05-23,19.847303648677375
2017-05-24,19.902776187978468
2017-05-25,19.75970528282735
2017-05-26,19.899866157827937
2017-05-30,19.704217457940224
2017-05-31,19.762624517636844
2017-06-01,19.870661580047333
2017-06-02,19.861905368671675
2017-06-05,19.7129808178664
2017-06-06,19.774302944832677
2017-06-07,20.013746893416982
2017-06-08,20.326183516032618
2017-06-09,20.67658819916492
2017-06-12,20.574388057723056
2017-06-13,20.580224529941816
2017-06-14,20.85459603338622
2017-06-15,20.804689708681114
2017-06-16,20.707817530937785
2017-06-19,20.963212874353605
2017-06-20,20.828171890062617
2017-06-21,20.66671872457511
2017-06-22,20.478832405986328
2017-06-23,20.45242096653725
2017-06-26,20.528740349056196
2017-06-27,20.65790952236059
2017-06-28,20.825238902018484
2017-06-29,21.13641560770024
2017-06-30,21.01311736371144
2017-07-03,20.99256764879478
2017-07-05,21.045412894527402
2017-07-06,21.00137976745242
2017-07-07,20.960275708576013
2017-07-10,20.995509491498584
2017-07-11,20.930926964979513
2017-07-12,20.892756116306312
2017-07-13,20.98963382391028
2017-07-14,20.93385880304174
2017-07-17,20.848721520759955
2017-07-18,20.948535235645494
2017-07-19,21.048345055695133
2017-07-20,21.083573029208384
2017-07-21,21.121744326391006
2017-07-24,21.250906051576347
2017-07-25,21.43878951674673
2017-07-26,20.47883602475449
2017-07-27,21.87031791801934
2017-07-28,21.81747570649606
2017-07-31,21.85564010984546
2017-08-01,21.849768076806104
2017-08-02,21.94664626926039
2017-08-03,21.89674008955267
2017-08-04,22.16388256488808
2017-08-07,22.096358096619237
2017-08-08,22.04352225002084
2017-08-09,21.970135347221348
2017-08-10,22.3194701972268
2017-08-11,22.357631172925647
2017-08-14,22.29891911543417
2017-08-15,22.630642695663564
2017-08-16,22.692292554240268
2017-08-17,22.618900309976617
2017-08-18,22.34882646915133
2017-08-21,21.987747596080467
2017-08-22,22.187365936084703
2017-08-23,22.34882368858521
2017-08-24,22.281305547346093
2017-08-25,22.090490467725083
2017-08-28,22.310658999844062
2017-08-29,22.055263817571916
2017-08-30,22.061135116859177
2017-08-31,22.06700306227872
2017-09-01,22.15801290887669
2017-09-05,22.12572014098243
2017-09-06,21.911418218789397
2017-09-07,21.78812803279591
2017-09-08,21.650146938894736
2017-09-11,21.911423959293288
2017-09-12,21.694177253234955
2017-09-13,21.990677335976702
2017-09-14,21.934876427537116
2017-09-15,22.049946584457935
2017-09-18,22.073553801550247
2017-09-19,22.21223286988608
2017-09-20,22.392218791958694
2017-09-21,22.669575081726194
2017-09-22,22.448282651362824
2017-09-25,22.551550190312312
2017-09-26,22.85841751782851
2017-09-27,22.678431629194982
2017-09-28,22.74924026166835
2017-09-29,22.887924194335938
2017-10-02,22.91742879588061
2017-10-03,22.902674878667383
2017-10-04,22.879072145290923
2017-10-05,22.93513444280925
2017-10-06,22.93513769229314
2017-10-09,21.6870219691243
2017-10-10,21.93487607195686
2017-10-11,22.029288169047554
2017-10-12,22.33911046835126
2017-10-13,22.07060048180377
2017-10-16,21.934877173833094
2017-10-17,21.890608031852153
2017-10-18,22.035193948894417
2017-10-19,21.813894617171034
2017-10-20,21.545390098135655
2017-10-23,21.504083658892167
2017-10-24,21.760785015232152
2017-10-25,21.453924789877597
2017-10-26,21.424415701471535
2017-10-27,21.43916904532006
2017-10-30,21.33000032302483
2017-10-31,21.362452324496267
2017-11-01,21.545391264672656
2017-11-02,21.34475006609434
2017-11-03,21.56604935081622
2017-11-06,21.309336827853805
2017-11-07,21.18541417603771
2017-11-08,21.279839683773478
2017-11-09,21.409665381492765
2017-11-10,21.672271332706586
2017-11-13,21.7283284913692
2017-11-14,22.22108130817819
2017-11-15,22.404020309448242
2017-11-16,22.42467334221992
2017-11-17,22.424678533417094
2017-11-20,22.40992057506793
2017-11-21,22.758091600033744
2017-11-22,22.828910552681325
2017-11-24,22.80825375017085
2017-11-27,22.86136549973571
2017-11-28,22.85252024722621
2017-11-29,23.17708339170465
2017-11-30,23.30395651487218
2017-12-01,23.44558878963172
2017-12-04,23.604921046044993
2017-12-05,23.280352635299728
2017-12-06,23.233145586259138
2017-12-07,23.126923340366144
2017-12-08,22.997089480523073
2017-12-11,23.36887434858964
2017-12-12,23.37182586453774
2017-12-13,23.38657811284645
2017-12-14,23.156815821080798
2017-12-15,23.109378115573097
2017-12-18,23.08269326725601
2017-12-19,22.85141416617151
2017-12-20,22.64683641374374
2017-12-21,22.323648693820143
2017-12-22,22.418527338784436
2017-12-26,22.608287290529564
2017-12-27,22.587533228606446
2017-12-28,22.637941812394292
2017-12-29,22.771364818218135
2018-01-02,22.87514077018011
2018-01-03,22.723925319908194
2018-01-04,23.02042707551079
2018-01-05,23.426633990406067
2018-01-08,23.500761250237854
2018-01-09,23.764648770955947
2018-01-10,23.838770939112322
2018-01-11,24.105622139248112
2018-01-12,23.93068941142938
2018-01-16,24.27759792162874
2018-01-17,23.966265218588838
2018-01-18,23.779467110933492
2018-01-19,23.70831323102453
2018-01-22,23.83877257945769
2018-01-23,23.92476109303613
2018-01-24,23.874348914472584
2018-01-25,24.09969523550095
2018-01-26,24.135270402770498
2018-01-29,24.123412949927665
2018-01-30,24.16195792699825
2018-01-31,24.328001727858307
2018-02-01,23.812085583463077
2018-02-02,24.028528154179508
2018-02-05,23.598605056466134
2018-02-06,22.21097493101312
2018-02-07,22.98485075567056
2018-02-08,22.881065403266835
2018-02-09,22.302885243819077
2018-02-12,22.845484160266366
2018-02-13,22.943335456900254
2018-02-14,23.186469535117627
2018-02-15,23.85063240883389
2018-02-16,23.696449086212642
2018-02-20,23.3791895024107
2018-02-21,23.441462772304174
2018-02-22,23.518550204271257
2018-02-23,23.32285427905664
2018-02-26,24.040395437141388
2018-02-27,24.236080923042767
2018-02-28,24.35172088751508
2018-03-01,24.01667552289868
2018-03-02,23.506687742576812
2018-03-05,23.77650836450912
2018-03-06,24.482175173753053
2018-03-07,24.624506337557058
2018-03-08,24.971413562969293
2018-03-09,25.324248017384832
2018-03-12,25.71266644271412
2018-03-13,25.638541550176516
2018-03-14,25.380578013392622
2018-03-15,25.126087259075614
2018-03-16,25.075455619817106
2018-03-19,24.99503694549922
2018-03-20,25.021835300102367
2018-03-21,25.054602715588537
2018-03-22,24.90270634831891
2018-03-23,24.485729039960965
2018-03-26,24.405305076969015
2018-03-27,24.932487032093903
2018-03-28,24.405308817718
2018-03-29,25.12906579092236
2018-04-02,25.680077198650938
2018-04-03,25.48946429318257
2018-04-04,25.438822858954516
2018-04-05,25.763473129239987
2018-04-06,25.584772545980336
2018-04-09,25.453721632135206
2018-04-10,25.656247501736303
2018-04-11,25.414998677607972
2018-04-12,25.483499907174384
2018-04-13,25.858781596856073
2018-04-16,25.763470661610707
2018-04-17,25.757512957462687
2018-04-18,25.718794243235465
2018-04-19,25.59668302557082
2018-04-20,25.912393263092632
2018-04-23,26.03748670983612
2018-04-24,26.00770511372349
2018-04-25,25.709858039043098
2018-04-26,26.314479229457703
2018-04-27,26.30554633684892
2018-04-30,26.47829641460339
2018-05-01,26.213218412209194
2018-05-02,26.362138688592584
2018-05-03,26.105990877458684
2018-05-04,25.546045702878672
2018-05-07,26.12684142105405
2018-05-08,26.424679717999307
2018-05-09,26.36213479105808
2018-05-10,26.838689315744126
2018-05-11,26.916132342325444
2018-05-14,27.04419950972226
2018-05-15,26.82379767951787
2018-05-16,26.791034624422014
2018-05-17,26.79698971383241
2018-05-18,26.92506353861155
2018-05-21,26.901235776903686
2018-05-22,27.169294088582006
2018-05-23,27.121636734906243
2018-05-24,27.333108481217547
2018-05-25,27.52670555946054
2018-05-29,27.470111429716123
2018-05-30,27.660735945784907
2018-05-31,27.785828159870306
2018-06-01,27.592234228179628
2018-06-04,27.550533769505115
2018-06-05,27.761998473495012
2018-06-06,27.842421499614293
2018-06-07,28.217699796796428
2018-06-08,28.372585544625377
2018-06-11,28.37853201691669
2018-06-12,28.40534508838506
2018-06-13,28.414280802599905
2018-06-14,28.543073233797315
2018-06-15,28.297706442827185
2018-06-18,28.24684009168615
2018-06-19,28.028405045704556
2018-06-20,28.21990841341474
2018-06-21,28.160063984001685
2018-06-22,28.23786437119879
2018-06-25,27.86981207691274
2018-06-26,27.441917453081146
2018-06-27,27.498774634132644
2018-06-28,27.256397302108613
2018-06-29,27.48081947730412
2018-07-02,27.31624681728244
2018-07-03,27.803984415241292
2018-07-05,27.026000717485736
2018-07-06,27.03796636698096
2018-07-09,27.049944707041288
2018-07-10,27.163643401210376
2018-07-11,27.02300527375724
2018-07-12,27.510746097543713
2018-07-13,27.896749575288332
2018-07-16,27.87579979190949
2018-07-17,27.99248968877623
2018-07-18,28.28274983652213
2018-07-19,28.468262698666127
2018-07-20,28.34558165137145
2018-07-23,28.36653058504556
2018-07-24,28.62386030604419
2018-07-25,28.127148053396247
2018-07-26,28.14809825142772
2018-07-27,28.228886929119827
2018-07-30,28.653784802036267
2018-07-31,27.848869585122227
2018-08-01,27.412002197463806
2018-08-02,27.199547189290076
2018-08-03,27.4538910994204
2018-08-06,27.349166131609092
2018-08-07,27.627441908417108
2018-08-08,27.968562847898166
2018-08-09,27.827921216269473
2018-08-10,27.59153466856014
2018-08-13,27.600513803086656
2018-08-14,27.594528295718522
2018-08-15,27.54964540503661
2018-08-16,27.824928653394664
2018-08-17,27.735164288140137
2018-08-20,27.798001186270927
2018-08-21,27.884774037977564
2018-08-22,27.594531703633248
2018-08-23,27.780046041153895
2018-08-24,27.932647845972973
2018-08-27,28.375508495411108
2018-08-28,28.47724200780332
2018-08-29,28.44432959356627
2018-08-30,28.339598983626477
2018-08-31,28.25282525199917
2018-09-04,28.57898057628618
2018-09-05,28.899149404297027
2018-09-06,28.252821549852616
2018-09-07,27.848866667492807
2018-09-10,27.935642724332766
2018-09-11,27.869817952509347
2018-09-12,28.073290008536087
2018-09-13,27.589529530655398
2018-09-14,27.520372840733728
2018-09-17,27.285848052202624
2018-09-18,26.79875914417694
2018-09-19,26.964132598237992
2018-09-20,27.162572768606463
2018-09-21,27.096427039953188
2018-09-24,27.15054670431124
2018-09-25,27.063351608420483
2018-09-26,26.323705173597645
2018-09-27,25.92080484658724
2018-09-28,25.923814113292377
2018-10-01,25.980945135458768
2018-10-02,26.176377823666346
2018-10-03,25.986946892798283
2018-10-04,25.758443742856898
2018-10-05,25.866685246457422
2018-10-08,25.686280920232704
2018-10-09,25.466792652333968
2018-10-10,25.328485334904176
2018-10-11,24.531711669699813
2018-10-12,24.919571286393136
2018-10-15,24.02657975636606
2018-10-16,24.267116784415606
2018-10-17,24.402427571980333
2018-10-18,24.24306379924388
2018-10-19,24.09874365738909
2018-10-22,24.375359523119734
2018-10-23,23.894277667863115
2018-10-24,24.41745179724041
2018-10-25,24.57981016894993
2018-10-26,24.955655119064623
2018-10-29,25.367570583933585
2018-10-30,25.397639467176706
2018-10-31,25.9899629165747
2018-11-01,26.029042523365835
2018-11-02,26.278598990787504
2018-11-05,26.200431776108893
2018-11-06,26.603330491504153
2018-11-07,27.108453324016235
2018-11-08,27.063350595926423
2018-11-09,27.342978743729727
2018-11-12,27.174606318457794
2018-11-13,26.672484386868987
2018-11-14,26.801764525959957
2018-11-15,25.830603903299984
2018-11-16,26.374822982391663
2018-11-19,26.660459324798612
2018-11-20,26.534169471628374
2018-11-21,26.486067759674278
2018-11-23,26.158337136741917
2018-11-26,26.639407194601688
2018-11-27,26.804780228456913
2018-11-28,27.027269435849746
2018-11-29,27.000212831148577
2018-11-30,27.15956589813051
2018-12-03,27.772935619628942
2018-12-04,27.839084440662795
2018-12-06,26.943084470612998
2018-12-07,27.04531090396707
2018-12-10,26.266579640953623
2018-12-11,26.53718084929698
2018-12-12,26.507109488114367
2018-12-13,26.4144516992416
2018-12-14,26.205943884862336
2018-12-17,26.079020975896416
2018-12-18,25.91281304100689
2018-12-19,25.380961547025642
2018-12-20,25.03646965400392
2018-12-21,24.377684666342248
2018-12-24,23.700784726530344
2018-12-26,23.365347852875452
2018-12-27,23.712869699167
2018-12-28,24.516699243946462
2018-12-31,24.45323976372603
2019-01-02,24.35653717830994
2019-01-03,24.75542702701912
2019-01-04,24.184289298781223
2019-01-07,24.166159519909368
2019-01-08,24.287029010886556
2019-01-09,24.178247320068884
2019-01-10,24.1238519504829
2019-01-11,24.175223294477778
2019-01-14,24.190333160515223
2019-01-15,24.28401360197202
2019-01-16,24.598290582170993
2019-01-17,25.066682336874628
2019-01-18,25.051572231462572
2019-01-22,25.084811896182227
2019-01-23,25.244976556936976
2019-01-24,25.529036032552423
2019-01-25,25.897702570930807
2019-01-28,25.71941150777975
2019-01-29,26.033692240848573
2019-01-30,25.69524084092311
2019-01-31,26.10319213892179
2019-02-01,26.6048309256866
2019-02-04,26.414454373423307
2019-02-05,26.30868527448537
2019-02-06,26.254292444041965
2019-02-07,26.14852366874608
2019-02-08,26.157592807864663
2019-02-11,26.375165614559744
2019-02-12,26.287533126760955
2019-02-13,26.541378898316616
2019-02-14,26.36005780619784
2019-02-15,26.462805213273136
2019-02-19,26.432584169750744
2019-02-20,26.51719332485161
2019-02-21,26.64109888934114
2019-02-22,26.622965342323337
2019-02-25,27.021852701798373
2019-02-26,27.242451826195442
2019-02-27,27.457007028841087
2019-02-28,27.46003429118095
2019-03-01,27.86496894568802
2019-03-04,27.85288159233758
2019-03-05,27.242455818632216
2019-03-06,26.88284673657198
2019-03-07,26.493020158528285
2019-03-08,25.755680186107707
2019-03-11,25.311455227959446
2019-03-12,25.489754162652204
2019-03-13,25.441402463818072
2019-03-14,25.734701452383486
2019-03-15,25.51599162848602
2019-03-18,25.45523985453763
2019-03-19,25.689133201622298
2019-03-20,25.561553725683837
2019-03-21,25.23652487893322
2019-03-22,25.458273544691828
2019-03-25,25.500802669339368
2019-03-26,25.929101695979963
2019-03-27,26.059719658082155
2019-03-28,26.190340276236434
2019-03-29,26.50625033825009
2019-04-01,26.800900866320113
2019-04-02,26.822166222765652
2019-04-03,27.217055853900458
2019-04-04,27.125920410954958
2019-04-05,27.165410351879625
2019-04-08,26.916329513302593
2019-04-09,26.83431902959307
2019-04-10,26.688512058112153
2019-04-11,26.62472057494212
2019-04-12,26.658134848938246
2019-04-15,26.670279893668816
2019-04-16,26.986190350163564
2019-04-17,27.28084490716874
2019-04-18,27.42361056842239
2019-04-22,27.314255190244936
2019-04-23,27.26565656435404
2019-04-24,27.305139865806964
2019-04-25,26.989229934089845
2019-04-26,27.226169366485774
2019-04-29,27.338563535607392
2019-04-30,27.775972555923705
2019-05-01,28.00379659549489
2019-05-02,28.082779203363906
2019-05-03,28.131378185198074
2019-05-06,27.861030627856284
2019-05-07,27.97342144652559
2019-05-08,27.584607500504077
2019-05-09,27.384121186328432
2019-05-10,27.605870293353963
2019-05-13,27.739525323946765
2019-05-14,27.68788920856991
2019-05-15,27.545118772502263
2019-05-16,27.602833124995875
2019-05-17,27.548153822588
2019-05-20,27.3385563327378
2019-05-21,27.605872332845255
2019-05-22,27.584606571518727
2019-05-23,27.17756684180853
2019-05-24,27.46614166183541
2019-05-28,27.371971924926537
2019-05-29,27.34463743989895
2019-05-30,27.52081525703829
2019-05-31,27.438799305965112
2019-06-03,27.520817662840027
2019-06-04,27.79420479384812
2019-06-05,28.26200029484701
2019-06-06,29.237069328763013
2019-06-07,29.17631807522077
2019-06-10,29.3433898110914
2019-06-11,29.540838138250262
2019-06-12,28.845220540689727
2019-06-13,29.091743949283384
2019-06-14,29.189429216880722
2019-06-17,29.284063061238452
2019-06-18,29.13142899625626
2019-06-19,29.27185023406068
2019-06-20,29.60764873355884
2019-06-21,29.821334028427493
2019-06-24,29.973964784813756
2019-06-25,29.635119787120544
2019-06-26,29.915960090110527
2019-06-27,29.049009606596815
2019-06-28,29.33290549749013
2019-07-01,29.622912580799557
2019-07-02,29.74195983418329
2019-07-03,30.291438816171514
2019-07-05,30.91722574241206
2019-07-08,30.804283145846732
2019-07-09,30.694375832816796
2019-07-10,31.188918146312055
2019-07-11,31.454495090836915
2019-07-12,31.817752433050202
2019-07-15,31.85744826377858
2019-07-16,31.88492509230743
2019-07-17,31.518606612776026
2019-07-18,31.292702056307018
2019-07-19,31.485030212750036
2019-07-22,30.67912741778649
2019-07-23,31.079020939461053
2019-07-24,30.523438976428174
2019-07-25,29.986170174596115
2019-07-26,29.85186252947919
2019-07-29,29.943438161567506
2019-07-30,29.40922784543155
2019-07-31,29.604591774471288
2019-08-01,29.366480152878086
2019-08-02,29.83049336936813
2019-08-05,29.70533164083531
2019-08-06,29.003218500026787
2019-08-07,28.966582692698374
2019-08-08,29.546587975378394
2019-08-09,29.891534792356854
2019-08-12,29.888488481601307
2019-08-13,29.387848838632525
2019-08-14,29.427533788493392
2019-08-15,29.137535857610782
2019-08-16,29.726694789893465
2019-08-19,30.038071131801555
2019-08-20,30.224282131485968
2019-08-21,30.37385953990075
2019-08-22,30.413543740662163
2019-08-23,30.43186292575226
2019-08-26,29.98922511162353
2019-08-27,30.340278925071434
2019-08-28,29.92206614272083
2019-08-29,30.41659573276194
2019-08-30,30.53564811360459
2019-09-03,30.477644138002884
2019-09-04,30.53259513308933
2019-09-05,30.743232591065834
2019-09-06,31.243859182647235
2019-09-09,31.98870235038716
2019-09-10,31.408703822026165
2019-09-11,29.940383092098884
2019-09-12,30.148816586750126
2019-09-13,30.575171713742574
2019-09-16,30.473960356658072
2019-09-17,30.63959087611759
2019-09-18,31.661011666261565
2019-09-19,31.437106512477822
2019-09-20,31.259182494519585
2019-09-23,30.86350242620476
2019-09-24,31.078209487425507
2019-09-25,31.2315834055361
2019-09-26,31.409481588520517
2019-09-27,31.461632416963713
2019-09-30,30.740806608864236
2019-10-01,30.461677342357824
2019-10-02,30.01385246531601
2019-10-03,29.30223135542109
2019-10-04,29.872751021720568
2019-10-07,30.335922389920896
2019-10-08,30.25617622318432
2019-10-09,30.05065632583245
2019-10-10,29.86662426428556
2019-10-11,30.596650505771024
2019-10-14,30.48315139755307
2019-10-15,30.237769197447037
2019-10-16,29.940236666339228
2019-10-17,30.072136731911517
2019-10-18,30.17642046899326
2019-10-21,30.443269394838385
2019-10-22,30.078265502120015
2019-10-23,30.590516724321045
2019-10-24,31.28679172331203
2019-10-25,30.645723069861496
2019-10-28,30.265374724703154
2019-10-29,30.185622495024365
2019-10-30,30.271511176106724
2019-10-31,30.59357542465006
2019-11-01,30.81442317543753
2019-11-04,30.590504741625903
2019-11-05,30.34205640320627
2019-11-06,30.108932799246386
2019-11-07,30.808292571664154
2019-11-08,30.768417464387873
2019-11-11,30.786824059221487
2019-11-12,31.48003541167584
2019-11-13,31.30213200710009
2019-11-14,31.676344889307142
2019-11-15,31.627271853713033
2019-11-18,31.832778644192654
2019-11-19,32.145655519697534
2019-11-20,32.200861441198526
2019-11-21,32.504532540642614
2019-11-22,32.072025891519665
2019-11-25,32.142582168032575
2019-11-26,32.148713726145296
2019-11-27,32.372641761632295
2019-11-29,31.906395030084013
2019-12-02,32.10578030207115
2019-12-03,31.887992996157042
2019-12-04,32.05976253926531
2019-12-05,32.320483629433745
2019-12-06,32.2131360243807
2019-12-09,32.21006386716166
2019-12-10,32.065902927432575
2019-12-11,32.062825192438815
2019-12-12,31.92197814335151
2019-12-13,31.99901878924627
2019-12-16,32.40575483164052
2019-12-17,32.525918161123975
2019-12-18,32.74467989117537
2019-12-19,32.766255017939315
2019-12-20,33.19763169241721
2019-12-23,33.163743809878675
2019-12-24,32.99426653602767
2019-12-26,32.90182380837025
2019-12-27,33.25308821610375
2019-12-30,33.31472237588286
2019-12-31,32.98194300158908
2020-01-02,33.04972546895973
2020-01-03,32.9634549134648
2020-01-06,33.213036308409016
2020-01-07,33.27774786455623
2020-01-08,32.818629576518106
2020-01-09,32.74468701045745
2020-01-10,33.20071437095804
2020-01-13,32.96961846000535
2020-01-14,33.04973824822948
2020-01-15,32.78474852880212
2020-01-16,33.450302305612965
2020-01-17,33.41948144042463
2020-01-21,33.622852405802384
2020-01-22,33.702954130525214
2020-01-23,33.60127794154604
2020-01-24,33.78923497034591
2020-01-27,33.62593063308996
2020-01-28,33.84161359530577
2020-01-29,34.55647772527858
2020-01-30,35.511670494701654
2020-01-31,35.69654313988952
2020-02-03,36.1371683027742
2020-02-04,36.648658524356605
2020-02-05,36.74109621771976
2020-02-06,36.115599413963366
2020-02-07,35.733522604936276
2020-02-10,35.163483710616525
2020-02-11,35.65648256928773
2020-02-12,35.40382626281577
2020-02-13,35.17889289009333
2020-02-14,35.32371474006883
2020-02-18,34.97245601494198
2020-02-19,35.73352306010123
2020-02-20,35.6041105351415
2020-02-21,35.20045902703625
2020-02-24,34.769086517585194
2020-02-25,35.40690608326731
2020-02-26,34.655079382914195
2020-02-27,34.51025530147873
2020-02-28,32.4242366838107
2020-03-02,31.737107516329228
2020-03-03,34.12201637491356
2020-03-04,34.562637355445816
2020-03-05,34.68589250994512
2020-03-06,34.16207548270066
2020-03-09,31.650832636995343
2020-03-10,33.37634446135952
2020-03-11,31.38584564985523
2020-03-12,28.30602449466573
2020-03-13,28.838526994382438
2020-03-16,26.934530900557203
2020-03-17,27.080042246071073
2020-03-18,27.99953303986773
2020-03-19,28.41128585947992
2020-03-20,27.80758010034478
2020-03-23,24.943854778803484
2020-03-24,23.81074623979801
2020-03-25,25.693065921605122
2020-03-26,27.259603340547184
2020-03-27,27.875694478424087
2020-03-30,29.110965743896376
2020-03-31,30.81062430250274
2020-04-01,27.900456107387523
2020-04-02,28.497976289581292
2020-04-03,29.265765171460732
2020-04-06,30.925177019041776
2020-04-07,32.42050134923405
2020-04-08,31.43290430285015
2020-04-09,32.43909407186088
2020-04-13,32.59698248280497
2020-04-14,32.70842739455954
2020-04-15,32.85083924832401
2020-04-16,33.092328681904476
2020-04-17,34.39571129232559
2020-04-20,33.983948703562255
2020-04-21,33.34928236975603
2020-04-22,33.59076999288529
2020-04-23,33.11709430420386
2020-04-24,32.435986589225465
2020-04-27,33.160443749099706
2020-04-28,35.148015213862024
2020-04-29,34.906532046806106
2020-04-30,33.66816971023293
2020-05-01,33.12638490318531
2020-05-04,32.75796713259073
2020-05-05,33.293554004575995
2020-05-06,33.983949382735105
2020-05-07,33.04898725253725
2020-05-08,33.81057695235058
2020-05-11,32.81059571823923
2020-05-12,34.05515924042773
2020-05-13,33.5969570637527
2020-05-14,33.23473800444678
2020-05-15,33.990142601771005
2020-05-18,35.57835169439281
2020-05-19,35.35543811170674
2020-05-20,34.9808294944718
2020-05-21,35.25018319103922
2020-05-22,35.31830076597264
2020-05-26,36.66192472484238
2020-05-27,36.46377555361119
2020-05-28,36.014884657953274
2020-05-29,36.011781371170265
2020-06-01,36.934357103316785
2020-06-02,36.91887188260304
2020-06-03,37.141788848211384
2020-06-04,36.87244583436186
2020-06-05,37.00866875494932
2020-06-08,36.956041180506915
2020-06-09,37.26252606248308
2020-06-10,37.01794962799523
2020-06-11,36.83399233399638
2020-06-12,35.892077587426236
2020-06-15,34.984347901134335
2020-06-16,36.89615427195338
2020-06-17,37.01428082462696
2020-06-18,36.60083697042945
2020-06-19,37.390439256107044
2020-06-22,37.02983673875064
2020-06-23,37.37178361923363
2020-06-24,36.75316245354612
2020-06-25,35.74908129730695
2020-06-26,36.7189677208789
2020-06-29,36.49515029268019
2020-06-30,36.31795442178911
2020-07-01,37.17903660458514
2020-07-02,38.10540796256811
2020-07-06,37.76656637308797
2020-07-07,37.384205145481964
2020-07-08,37.59870957390976
2020-07-09,38.00903860812556
2020-07-10,37.70750618255191
2020-07-13,38.553048457581944
2020-07-14,38.23286212480811
2020-07-15,39.16854971485408
2020-07-16,39.336416349717595
2020-07-17,39.69702227161824
2020-07-20,39.89287081880252
2020-07-21,40.62649181232412
2020-07-22,41.34770212363486
2020-07-23,41.717630765870666
2020-07-24,40.813017723077806
2020-07-27,40.62650096172874
2020-07-28,40.275233908607184
2020-07-29,40.02963824290944
2020-07-30,40.29076882866219
2020-07-31,40.62960221154876
2020-08-03,40.98398842265979
2020-08-04,40.576757952320435
2020-08-05,40.50527746842066
2020-08-06,40.34361866770198
2020-08-07,40.36226008385485
2020-08-10,41.50312859540775
2020-08-11,41.03372590475818
2020-08-12,40.76949173257562
2020-08-13,40.4151135566524
2020-08-14,40.43375635283848
2020-08-17,40.21927071639738
2020-08-18,40.50214829890923
2020-08-19,40.666911022012584
2020-08-20,40.244132585838784
2020-08-21,40.53012939936997
2020-08-24,40.5021522200088
2020-08-25,40.924920127135216
2020-08-26,40.53945722198769
2020-08-27,41.35702857001358
2020-08-28,41.22646373404472
2020-08-31,41.19848516956219
2020-09-01,41.8544018097742
2020-09-02,42.06579207353767
2020-09-03,42.839826802218354
2020-09-04,41.68653441742558
2020-09-08,40.04208651431734
2020-09-09,39.85556400715484
2020-09-10,40.272535340293445
2020-09-11,39.34264897702162
2020-09-14,39.38945864649116
2020-09-15,39.94489340939474
2020-09-16,39.97298258058864
2020-09-17,39.14294224654275
2020-09-18,39.00563607001868
2020-09-21,37.54214946122692
2020-09-22,38.103830239055426
2020-09-23,38.60621013590258
2020-09-24,37.31123135034224
2020-09-25,37.80426821726318
2020-09-28,39.27399636769959
2020-09-29,39.105501319240325
2020-09-30,38.09447380098235
2020-10-01,38.6748711719515
2020-10-02,38.27545142615594
2020-10-05,38.752883051732375
2020-10-06,39.002527503472585
2020-10-07,38.50012870974783
2020-10-08,38.61246223608066
2020-10-09,39.32393134604551
2020-10-12,39.25839580128893
2020-10-13,39.58916284673569
2020-10-14,39.7233473601846
2020-10-15,39.47370865455956
2020-10-16,40.14771645810515
2020-10-19,40.47538111521409
2020-10-20,39.788865117944695
2020-10-21,40.71252094785629
2020-10-22,41.55504546450733
2020-10-23,40.740611946468036
2020-10-26,39.866887578633396
2020-10-27,39.86065019251304
2020-10-28,38.615578578593635
2020-10-29,37.985242914839645
2020-10-30,37.77617799123846
2020-11-02,38.209926064611054
2020-11-03,39.030594970379845
2020-11-04,39.330168369353736
2020-11-05,40.428562500308416
2020-11-06,41.570649827820276
2020-11-09,43.530299398735096
2020-11-10,40.33807594840554
2020-11-11,39.81383618326635
2020-11-12,40.65010981718243
2020-11-13,39.77014392318741
2020-11-16,39.49243160226651
2020-11-17,39.283352923276844
2020-11-18,38.7029619053434
2020-11-19,38.72480443298658
2020-11-20,39.064933257702506
2020-11-23,39.56731932578214
2020-11-24,39.358249189446546
2020-11-25,39.68901922699518
2020-11-27,39.62036161882446
2020-11-30,39.63596791698183
2020-12-01,39.73269257842908
2020-12-02,40.4753675831664
2020-12-03,39.73969631918321
2020-12-04,39.11009451382139
2020-12-07,39.298033191647946
2020-12-08,40.25025338020334
2020-12-09,40.37242109733441
2020-12-10,39.38887839206199
2020-12-11,39.01612922905576
2020-12-14,39.69270936791041
2020-12-15,39.08817609703203
2020-12-16,40.0623261867102
2020-12-17,40.04353277611065
2020-12-18,40.15315839531858
2020-12-21,40.03726201774856
2020-12-22,39.78980862842165
2020-12-23,40.87359000137111
2020-12-24,40.087385182355476
2020-12-28,40.43193429935728
2020-12-29,40.61047935776647
2020-12-30,40.651192029890986
2020-12-31,40.72010267385862
2021-01-04,41.88845961965544
2021-01-05,41.437411296530186
2021-01-06,41.45620742720171
2021-01-07,42.26747261222866
2021-01-08,42.4209559582439
2021-01-11,43.291737022185096
2021-01-12,44.16252403117738
2021-01-13,44.500820903626
2021-01-14,44.86102354196321
2021-01-15,44.30346908505953
2021-01-19,44.544671908274005
2021-01-20,44.91114499642953
2021-01-21,45.13354074120302
2021-01-22,44.256494439692716
2021-01-25,44.02156605437259
2021-01-26,44.707548805425326
2021-01-27,44.00591403278998
2021-01-28,44.28155631404255
2021-01-29,43.257290750281655
2021-02-01,42.765509447547444
2021-02-02,43.5799141642988
2021-02-03,44.56658797781916
2021-02-04,44.685616661774375
2021-02-05,45.048963349456145
2021-02-08,44.82344355122165
2021-02-09,44.679359751142535
2021-02-10,45.10534901827978
2021-02-11,44.80464718105214
2021-02-12,44.63862932568546
2021-02-16,44.80778254105243
2021-02-17,44.86103512847042
2021-02-18,45.19306059297423
2021-02-19,45.47810034398643
2021-02-22,44.929937275427385
2021-02-23,44.20011685530387
2021-02-24,43.79290269799538
2021-02-25,44.50394283960313
2021-02-26,43.99338472641374
2021-03-01,43.75219831567229
2021-03-02,44.347326840170204
2021-03-03,43.88374400395865
2021-03-04,43.11006442314006
2021-03-05,43.554855159490366
2021-03-08,45.38412859541774
2021-03-09,45.374730885769
2021-03-10,46.07011439528442
2021-03-11,45.541632815553236
2021-03-12,45.43478137921244
2021-03-15,45.34991994613795
2021-03-16,45.906222329849555
2021-03-17,45.56049032860608
2021-03-18,45.27762754244988
2021-03-19,45.57306608661365
2021-03-22,45.80564706605918
2021-03-23,45.84022966508208
2021-03-24,46.427966272699145
2021-03-25,46.365086585624326
2021-03-26,46.097937064381384
2021-03-29,47.09111845230996
2021-03-30,47.33626454656898
2021-03-31,46.29282109339193
2021-04-01,46.56937766627078
2021-04-05,47.45884445060314
2021-04-06,47.70086022594198
2021-04-07,47.96800959171691
2021-04-08,47.738575300757454
2021-04-09,48.46774139552167
2021-04-12,49.14976807491573
2021-04-13,49.15290828033546
2021-04-14,49.31949200974582
2021-04-15,49.574071303566576
2021-04-16,50.57667276266452
2021-04-19,50.24666624696087
2021-04-20,49.94808425969138
2021-04-21,50.42266780446992
2021-04-22,50.41009350302472
2021-04-23,50.3535119347728
2021-04-26,51.17069271656716
2021-04-27,50.22152003972008
2021-04-28,50.655253829147526
2021-04-29,50.54524829415419
2021-04-30,50.780965107948845
2021-05-03,50.9412688478779
2021-05-04,51.07640828620665
2021-05-05,51.53527870173159
2021-05-06,51.554135958108354
2021-05-07,51.49756258211097
2021-05-10,52.09472885241572
2021-05-11,50.699258357513074
2021-05-12,49.93236517463642
2021-05-13,49.897789596432176
2021-05-14,50.82496724490242
2021-05-17,51.60756438278991
2021-05-18,51.57929284291102
2021-05-19,50.36295388725807
2021-05-20,50.7621117360656
2021-05-21,51.19898055602421
2021-05-24,51.651570658155634
2021-05-25,52.050730330411064
2021-05-26,51.75529261597257
2021-05-27,52.082166170602974
2021-05-28,52.53474795030915
2021-06-01,52.86475184520678
2021-06-02,52.04444441435853
2021-06-03,52.45303566141406
2021-06-04,53.01561698819313
2021-06-07,53.71650913370165
2021-06-08,53.257628498713075
2021-06-09,53.245047749190874
2021-06-10,53.462911127282176
2021-06-11,53.68361997044588
2021-06-14,54.38674668802296
2021-06-15,55.36734073716641
2021-06-16,55.56913861719516
2021-06-17,56.15244967143623
2021-06-18,56.20290546013406
2021-06-21,55.752012852793904
2021-06-22,56.41730852946648
2021-06-23,56.43937906930436
2021-06-24,56.40784090649193
2021-06-25,56.310101776596674
2021-06-28,56.28487822503206
2021-06-29,56.02317875298939
2021-06-30,55.6668863358085
2021-07-01,56.0893860579545
2021-07-02,55.651112905237746
2021-07-06,56.212362099770786
2021-07-07,55.82769130818584
2021-07-08,54.976370501364364
2021-07-09,54.99213725857173
2021-07-12,55.42409110567859
2021-07-13,56.78937203882164
2021-07-14,56.55604180022811
2021-07-15,56.04525255954659
2021-07-16,56.27856669321269
2021-07-19,56.02633199877748
2021-07-20,56.05154965326346
2021-07-21,57.17719302360506
2021-07-22,59.13837623391739
2021-07-23,58.674880950636116
2021-07-26,58.9964944833854
2021-07-27,58.62443049101806
2021-07-28,58.57398111862613
2021-07-29,58.61181563781626
2021-07-30,58.81992609095569
2021-08-02,59.3717058044609
2021-08-03,59.65232208483536
2021-08-04,59.31809388848742
2021-08-05,59.90771579552115
2021-08-06,59.69961791141669
2021-08-09,59.535657246361204
2021-08-10,59.52305272372733
2021-08-11,59.69646349520467
2021-08-12,59.88248630132119
2021-08-13,59.97078244043764
2021-08-16,60.317618816135905
2021-08-17,60.45319057727141
2021-08-18,59.96762869732095
2021-08-19,58.17669470492963
2021-08-20,59.447377749648716
2021-08-23,59.683852730514566
2021-08-24,60.33652805317784
2021-08-25,60.19464487675825
2021-08-26,60.31760616923542
2021-08-27,60.289237041676984
2021-08-30,61.28244440529661
2021-08-31,61.37387780782928
2021-09-01,61.98240794595848
2021-09-02,62.59094709830617
2021-09-03,62.44591745866505
2021-09-07,62.96301344165001
2021-09-08,61.89412729543787
2021-09-09,62.55624443034687
2021-09-10,62.802860042384836
2021-09-13,62.173691131983894
2021-09-14,61.51922521317699
2021-09-15,61.83855106539341
2021-09-16,61.9681874114706
2021-09-17,61.60775195613358
2021-09-20,59.96685813570819
2021-09-21,60.84895909540416
2021-09-22,61.25049066467451
2021-09-23,61.78479834902325
2021-09-24,61.62356344996822
2021-09-27,62.17052963602466
2021-09-28,61.28210722255818
2021-09-29,60.681379809911654
2021-09-30,61.6836254019563
2021-10-01,61.37378588522615
2021-10-04,61.17144579454994
2021-10-05,59.93524008946631
2021-10-06,61.332693155652144
2021-10-07,61.96818724772265
2021-10-08,62.600504166136204
2021-10-11,62.15471223274379
2021-10-12,62.73330417780171
2021-10-13,62.49932765162088
2021-10-14,62.951458447765674
2021-10-15,63.68179793719844
2021-10-18,64.12442607700471
2021-10-19,64.50065186059848
2021-10-20,65.97714845709608
2021-10-21,62.894538804808754
2021-10-22,63.024161646514784
2021-10-25,63.68811798755978
2021-10-26,63.96317814368371
2021-10-27,63.56482310743674
2021-10-28,63.92838618901155
2021-10-29,65.33216688108917
2021-11-01,66.72012387494439
2021-11-02,66.47984251295186
2021-11-03,66.58101685862742
2021-11-04,66.82129208685122
2021-11-05,67.47575600602259
2021-11-08,67.6907541186905
2021-11-09,67.07422975918976
2021-11-10,66.44189717936582
2021-11-11,65.80956813057301
2021-11-12,65.6388537871584
2021-11-15,66.1099303670569
2021-11-16,66.25535954215637
2021-11-17,67.26394238257373
2021-11-18,66.7549061042635
2021-11-19,66.0814707158092
2021-11-22,65.91391160857296
2021-11-23,65.63885578836235
2021-11-24,65.21202782931465
2021-11-26,65.07606995815841
2021-11-29,65.3416630464677
2021-11-30,65.67677456040563
2021-12-01,65.06027123223835
2021-12-02,63.4111982801347
2021-12-03,64.38130196121051
2021-12-06,63.62678577696649
2021-12-07,63.826514452531356
2021-12-08,65.3070169887416
2021-12-09,65.71596068753131
2021-12-10,65.37359475019379
2021-12-13,65.36408706643286
2021-12-14,64.49542088289358
2021-12-15,63.54435623405818
2021-12-16,64.65076771396271
2021-12-17,64.2608154138126
2021-12-20,62.90079026296863
2021-12-21,63.43022385327402
2021-12-22,64.12133074986868
2021-12-23,64.98999640603405
2021-12-27,65.40212184090753
2021-12-28,66.48316774207797
2021-12-29,66.66070338338021
2021-12-30,66.5877833803571
2021-12-31,66.25807233860903
2022-01-03,66.85090025451792
2022-01-04,63.439736264443106
2022-01-05,62.77398617493274
2022-01-06,61.683422299790344
2022-01-07,61.60099336704608
2022-01-10,60.81794806320056
2022-01-11,60.063425094524646
2022-01-12,61.325179485247766
2022-01-13,61.296655379304624
2022-01-14,58.86190180461513
2022-01-18,58.16445287667358
2022-01-19,58.39904607741596
2022-01-20,57.56527227565131
2022-01-21,56.7568667860939
2022-01-24,55.28270290086489
2022-01-25,54.91494961133916
2022-01-26,55.96747512529698
2022-01-27,55.4095039718827
2022-01-28,54.6264609395887
2022-01-31,55.58704922863564
2022-02-01,56.991455462546654
2022-02-02,57.311655004085054
2022-02-03,57.134113485747356
2022-02-04,56.34790530899288
2022-02-07,57.27361325194705
2022-02-08,56.357417152099266
2022-02-09,57.092906386300776
2022-02-10,55.951625657279784
2022-02-11,56.17353844444633
2022-02-14,54.7310812791211
2022-02-15,55.47291383635388
2022-02-16,55.3112309876113
2022-02-17,55.12102157572346
2022-02-18,54.4711109097485
2022-02-22,53.42493024458037
2022-02-23,53.94802429466955
2022-02-24,51.13919350013534
2022-02-25,54.16678255548755
2022-02-28,54.09069026245988
2022-03-01,54.2079876176409
2022-03-02,54.32844821954481
2022-03-03,54.937145214632245
2022-03-04,54.36333374775045
2022-03-07,54.31260616756164
2022-03-08,53.02548514795119
2022-03-09,53.390062615104135
2022-03-10,52.90956104811237
2022-03-11,53.45023453357686
2022-03-14,52.82368894950188
2022-03-15,53.39297603104116
2022-03-16,54.315308809016535
2022-03-17,55.11677734592648
2022-03-18,56.179045336864604
2022-03-21,57.00276057885469
2022-03-22,56.6115641687131
2022-03-23,56.34123511439753
2022-03-24,55.552492814181875
2022-03-25,55.756037607353264
2022-03-28,55.66699230215817
2022-03-29,56.84692613217188
2022-03-30,57.55298126909953
2022-03-31,58.074570010210024
2022-04-01,57.190409182337014
2022-04-04,57.956890526848554
2022-04-05,57.858299322505594
2022-04-06,57.37487294296376
2022-04-07,58.154088010341376
2022-04-08,58.50074635760887
2022-04-11,58.00459529635563
2022-04-12,58.23359502743858
2022-04-13,57.40032054891833
2022-04-14,57.791509585449575
2022-04-18,56.46209638832815
2022-04-19,56.54478936452133
2022-04-20,57.08863399971599
2022-04-21,55.056343752706795
2022-04-22,53.80962527721108
2022-04-25,52.798237907882395
2022-04-26,52.98588809354856
2022-04-27,51.30980768672153
2022-04-28,51.080811648150316
2022-04-29,51.4370210942292
2022-05-02,50.0121966804779
2022-05-03,49.665520169196384
2022-05-04,50.1871159426238
2022-05-05,50.51787923142273
2022-05-06,48.95311093229645
2022-05-09,47.89401591519655
2022-05-10,47.25475875308736
2022-05-11,46.12889012909848
2022-05-12,45.352861560474395
2022-05-13,46.20204024979853
2022-05-16,46.8476646087541
2022-05-17,47.27384298258911
2022-05-18,47.025770604277845
2022-05-19,44.81219585239945
2022-05-20,45.88081621081009
2022-05-23,46.8953787703949
2022-05-24,46.57097497592821
2022-05-25,46.504172346695704
2022-05-26,47.137076898823516
2022-05-27,48.50784756152435
2022-05-31,49.070789844311655
2022-06-01,49.436521113873326
2022-06-02,48.536470272998926
2022-06-03,49.01035966010015
2022-06-06,49.36974184899827
2022-06-07,48.61598176397959
2022-06-08,49.03898102171265
2022-06-09,48.927580899623386
2022-06-10,48.311355644680326
2022-06-13,46.85860155108069
2022-06-14,46.98312352512179
2022-06-15,46.721304655367526
2022-06-16,47.2321658326984
2022-06-17,47.38860835035685
2022-06-21,47.89308520581032
2022-06-22,48.34008959182408
2022-06-23,49.403319483826465
2022-06-24,50.80498556343486
2022-06-27,51.02529777761611
2022-06-28,50.42503564335815
2022-06-29,49.34585075601406
2022-06-30,48.38798254260104
2022-07-01,48.63063926135765
2022-07-05,49.49271623937766
2022-07-06,50.51443634304159
2022-07-07,49.97483746752223
2022-07-08,49.955685598376874
2022-07-11,49.818391190272706
2022-07-12,50.37713952529257
2022-07-13,48.64979829190668
2022-07-14,48.63383291197271
2022-07-15,49.26603073694366
2022-07-18,50.37075563945153
2022-07-19,49.95887371204731
2022-07-20,51.8937549024773
2022-07-21,54.15110887938775
2022-07-22,55.578335978873724
2022-07-25,55.153683535880845
2022-07-26,54.55980624898808
2022-07-27,55.549598040678006
2022-07-28,55.68688710037706
2022-07-29,57.20669191930056
2022-08-01,57.2418080176216
2022-08-02,56.887411786950544
2022-08-03,57.177968924233646
2022-08-04,57.70478112945474
2022-08-05,57.95382672567013
2022-08-08,58.13901672262843
2022-08-09,58.234806258984335
2022-08-10,59.15752950304884
2022-08-11,59.789727620959205
2022-08-12,60.14094958174431
2022-08-15,60.581567487800804
2022-08-16,61.20417326319652
2022-08-17,61.09880316101043
2022-08-18,61.750156111034684
2022-08-19,60.776321234112736
2022-08-22,59.42893366959211
2022-08-23,58.806329637329576
2022-08-24,58.8925297617167
2022-08-25,59.502365748812174
2022-08-26,59.780148882231764
2022-08-29,57.77821848689507
2022-08-30,57.624965936958
2022-08-31,57.375922570333486
2022-09-01,56.5425776334188
2022-09-02,57.86442645396613
2022-09-06,57.23223975844697
2022-09-07,58.103891253404385
2022-09-08,59.406587675110416
2022-09-09,60.44107591243338
2022-09-12,60.81464646008168
2022-09-13,60.22076325598092
2022-09-14,59.68436817836543
2022-09-15,59.387334846590946
2022-09-16,58.65700894029524
2022-09-19,58.14769937145063
2022-09-20,58.01315741013801
2022-09-21,57.37892980852626
2022-09-22,56.0047532687824
2022-09-23,54.870823778745084
2022-09-26,54.678637489162305
2022-09-27,54.784337252999514
2022-09-28,55.01496303890612
2022-09-29,55.69725062251473
2022-09-30,55.05340657054901
2022-10-03,54.74590047432899
2022-10-04,56.90805882604916
2022-10-05,57.12907489618217
2022-10-06,57.369321835610286
2022-10-07,56.67742935786819
2022-10-10,55.66842718485412
2022-10-11,55.341699011925854
2022-10-12,55.87022382075414
2022-10-13,54.2365871486257
2022-10-14,55.70686073937415
2022-10-17,53.3044608552932
2022-10-18,55.581934076153196
2022-10-19,54.74590284554662
2022-10-20,53.996342383605366
2022-10-21,54.64019389798654
2022-10-24,55.77411990184401
2022-10-25,56.84078864784209
2022-10-26,58.31106125318017
2022-10-27,58.03237870331261
2022-10-28,58.4455937803107
2022-10-31,59.57953334069223
2022-11-01,60.127279268317835
2022-11-02,59.396945409862546
2022-11-03,57.907450384885045
2022-11-04,59.5410803939712
2022-11-07,59.66601523476408
2022-11-08,60.40595713264924
2022-11-09,61.9915441068559
2022-11-10,62.702643263749245
2022-11-11,63.93266522846774
2022-11-14,63.4810232275113
2022-11-15,64.10565039188839
2022-11-16,62.32786579767533
2022-11-17,62.318265390171256
2022-11-18,62.933277166370374
2022-11-21,63.00055171960611
2022-11-22,63.577133868821775
2022-11-23,63.855808789873784
2022-11-25,64.50924959251192
2022-11-28,64.20175405700793
2022-11-29,63.56751734174036
2022-11-30,63.6924298322512
2022-12-01,66.08610651450948
2022-12-02,65.28617484377567
2022-12-05,66.25957707678391
2022-12-06,65.38253159496584
2022-12-07,64.47660169030912
2022-12-08,62.64542500206811
2022-12-09,61.53707746181816
2022-12-12,60.794969858215964
2022-12-13,63.7441277360886
2022-12-14,62.761082301795284
2022-12-15,60.592581114617886
2022-12-16,58.81922777136751
2022-12-19,58.23133410113874
2022-12-20,58.26988362405841
2022-12-21,58.260245145090224
2022-12-22,58.92524849380351
2022-12-23,58.69394471104606
2022-12-27,59.10836173515168
2022-12-28,59.002354028938086
2022-12-29,59.050539287063856
2022-12-30,59.175831498385506
2023-01-03,59.30111721854137
2023-01-04,59.97576660748285
2023-01-05,59.002353507207694
2023-01-06,58.69394672632845
2023-01-09,59.68662749005471
2023-01-10,60.2167082644162
2023-01-11,60.45764863754369
2023-01-12,60.8720768086864
2023-01-13,60.158879316795726
2023-01-17,60.86243854570679
2023-01-18,61.151567816602864
2023-01-19,59.91792944865301
2023-01-20,58.790320368792585
2023-01-23,59.667355908410286
2023-01-24,60.15887067553955
2023-01-25,56.81458131980185
2023-01-26,55.783340521103554
2023-01-27,57.64342203887645
2023-01-30,58.28915542037408
2023-01-31,57.681974924156755
2023-02-01,58.00965799193339
2023-02-02,57.57596449902982
2023-02-03,57.73016121097615
2023-02-06,57.85545710150238
2023-02-07,57.15189518830382
2023-02-08,57.63379153434509
2023-02-09,57.67234603519779
2023-02-10,56.47725263833657
2023-02-13,57.72052463712378
2023-02-14,57.383211900916564
2023-02-15,56.19776369472839
2023-02-16,56.73747914691151
2023-02-17,56.13992986390013
2023-02-21,55.83152230394379
2023-02-22,54.89666150195515
2023-02-23,55.166527377508984
2023-02-24,54.78101404078324
2023-02-27,55.523121090571664
2023-02-28,54.34731425961952
2023-03-01,53.76904275194506
2023-03-02,53.094403619007224
2023-03-03,54.2123837745499
2023-03-06,54.29912599152237
2023-03-07,53.93289118319813
2023-03-08,53.007665583148736
2023-03-09,53.24861436317801
2023-03-10,51.94750656424118
2023-03-13,50.55967712548563
2023-03-14,51.29214793937427
2023-03-15,49.81756639798768
2023-03-16,49.797397014876424
2023-03-17,51.46150491919569
2023-03-20,50.958399584064466
2023-03-21,51.94525153011694
2023-03-22,52.25485180530269
2023-03-23,51.10352251250969
2023-03-24,50.35855165934796
2023-03-27,51.86785593977583
2023-03-28,51.27767509255541
2023-03-29,51.73240527391042
2023-03-30,52.554781108391886
2023-03-31,52.60316323749846
2023-04-03,52.60315927770025
2023-04-04,52.66120560846928
2023-04-05,52.88373234757069
2023-04-06,52.85470613160532
2023-04-10,52.67087895234728
2023-04-11,52.61282887734083
2023-04-12,52.99016663623285
2023-04-13,53.106260705528214
2023-04-14,53.696432497320345
2023-04-17,53.08690620953331
2023-04-18,53.91895962510031
2023-04-19,55.14768896916719
2023-04-20,55.515347630953926
2023-04-21,54.50914322482105
2023-04-24,55.234765715679366
2023-04-25,54.470430796113526
2023-04-26,53.15462788636368
2023-04-27,52.47737469616728
2023-04-28,52.854709222837556
2023-05-01,53.44488680638363
2023-05-02,52.912754493810645
2023-05-03,52.69022782013386
2023-05-04,51.79045450188576
2023-05-05,52.52575617432718
2023-05-08,53.21268264634977
2023-05-09,52.89340575703581
2023-05-10,53.34813362103502
2023-05-11,53.28041393235984
2023-05-12,53.599682187373425
2023-05-15,53.50293559008039
2023-05-16,53.086905704592425
2023-05-17,52.903078864965856
2023-05-18,53.19333847547894
2023-05-19,53.55131319789303
2023-05-22,53.52228404124752
2023-05-23,53.522288253763826
2023-05-24,52.2548568767331
2023-05-25,51.935575823179526
2023-05-26,51.31637649850531
2023-05-30,52.651531164002684
2023-05-31,53.13528852243839
2023-06-01,53.406184332743464
2023-06-02,53.45456054390958
2023-06-05,54.422064516594716
2023-06-06,54.19953495634904
2023-06-07,55.53469621191042
2023-06-08,54.94451720371107
2023-06-09,55.941033198085826
2023-06-12,50.40692264055229
2023-06-13,49.79740257585688
2023-06-14,49.39104870401365
2023-06-15,49.4586033840913
2023-06-16,51.149325142449655
2023-06-20,49.4100153642231
2023-06-21,50.12906207379412
2023-06-22,48.90474582225043
2023-06-23,47.95249483865357
2023-06-26,48.263433881980376
2023-06-27,48.12739870332911
2023-06-28,48.438334242223775
2023-06-29,48.08853309028961
2023-06-30,48.71040883858373
2023-07-03,48.273157012200755
2023-07-05,48.282868909032615
2023-07-06,48.02051525047284
2023-07-07,47.495804263370964
2023-07-10,47.61240895420576
2023-07-11,47.67070857821356
2023-07-12,48.65210479761299
2023-07-13,48.7395579283205
2023-07-14,49.91529929209061
2023-07-17,49.118512066380184
2023-07-18,49.59464251854976
2023-07-19,50.1873679966316
2023-07-20,49.22540050797485
2023-07-21,48.63267316440566
2023-07-24,49.45860481325446
2023-07-25,49.584926389891024
2023-07-26,49.49746905374734
2023-07-27,49.439169650900496
2023-07-28,48.88531197835886
2023-07-31,49.25454838816184
2023-08-01,48.88530868365423
2023-08-02,48.4189003630871
2023-08-03,48.15655433756443
2023-08-04,48.127396156660375
2023-08-07,48.25371542943089
2023-08-08,48.26343419494716
2023-08-09,48.46748578852853
2023-08-10,49.19625320543612
2023-08-11,49.9444452816821
2023-08-14,49.51689848753079
2023-08-15,49.47803422122056
2023-08-16,48.875598436221296
2023-08-17,49.507186392402126
2023-08-18,49.86671538089276
2023-08-21,50.33311377662685
2023-08-22,50.47886742456366
2023-08-23,50.52744777849861
2023-08-24,51.207631425874595
2023-08-25,50.90641010593941
2023-08-28,51.324230946878245
2023-08-29,51.83922110720462
2023-08-30,51.77120773025982
2023-08-31,51.265931879210214
2023-09-01,51.15905129399409
2023-09-05,50.333116307963
2023-09-06,49.419742092978666
2023-09-07,50.051332567928675
2023-09-08,50.197081032021075
2023-09-11,50.226228698308624
2023-09-12,49.788976250414564
2023-09-13,50.01246378007847
2023-09-14,49.85787351118961
2023-09-15,50.22871615148151
2023-09-18,49.43824745903686
2023-09-19,49.77004416300389
2023-09-20,49.906667415268664
2023-09-21,49.116203697321524
2023-09-22,47.70118086313175
2023-09-25,47.310819735158105
2023-09-26,46.99853525220651
2023-09-27,47.06684959455659
2023-09-28,47.22299073146797
2023-09-29,48.062249908283185
2023-10-02,47.35961368501621
2023-10-03,46.76432508898273
2023-10-04,46.23734995750527
2023-10-05,47.60358544590319
2023-10-06,47.720694164584245
2023-10-09,48.21839163592316
2023-10-10,48.64778306443271
2023-10-11,48.66729879492423
2023-10-12,48.52091661961047
2023-10-13,48.33550444853081
2023-10-16,48.55019424999979
2023-10-17,49.08692874124384
2023-10-18,50.053058105973854
2023-10-19,50.765445295157164
2023-10-20,50.06281111262521
2023-10-23,49.08692708723737
2023-10-24,48.862474596215534
2023-10-25,48.208637180261796
2023-10-26,48.423327544225195
2023-10-27,48.130565145483686
2023-10-30,46.62770428665238
2023-10-31,47.876834458389965
2023-11-01,48.589234152596575
2023-11-02,47.83779728999692
2023-11-03,48.940550007136004
2023-11-06,48.891753734134134
2023-11-07,49.69197827354173
2023-11-08,50.07257264879792
2023-11-09,50.74593047012918
2023-11-10,50.33606215852376
2023-11-13,50.62882851544079
2023-11-14,51.17531508504834
2023-11-15,52.11217203323507
2023-11-16,52.12192867998568
2023-11-17,52.317104825245295
2023-11-20,52.20975536615317
2023-11-21,52.75624976762174
2023-11-22,53.47840229160761
2023-11-24,53.82972367183491
2023-11-27,53.927308503683285
2023-11-28,53.74189095737179
2023-11-29,54.35669708251953
2023-11-30,54.46404515904708
2023-12-01,54.40549589357063
2023-12-04,54.366453092028976
2023-12-05,54.74705369066556
2023-12-06,54.551874799868656
2023-12-07,53.93486650450615
2023-12-08,52.964924177901935
2023-12-11,53.06289527179702
2023-12-12,53.288233763302124
2023-12-13,53.13147363470324
2023-12-14,55.77678549571156
2023-12-15,54.18960266780809
2023-12-18,53.88587904213767
2023-12-19,54.40514122201572
2023-12-20,54.62068902906931
2023-12-21,54.189597884619225
2023-12-22,55.21833387759621
2023-12-26,55.88455585592592
2023-12-27,56.423420222513656
2023-12-28,56.81531351266141
2023-12-29,57.0210585852246
